

{

	"UIView":"-(UIView *)<#name#>{\nif (!_<#name#>) {\n_<#name#> = [[UIView alloc]init];\n_<#name#>.backgroundColor = [UIColor whiteColor];\n}\nreturn _<#name#>;\n}",

	"UILabel":"-(UILabel *)<#name#>{\nif (!_<#name#>) {\n_<#name#> = [[UILabel alloc]init];\n_<#name#>.font = [UIFont systemFontOfSize:12];\n_<#name#>.textColor = [UIColor darkTextColor];\n_<#name#>.textAlignment = NSTextAlignmentLeft;\n_<#name#>.numberOfLines = 0;\n_<#name#>.text = @\"customLabel\";\n}\nreturn _<#name#>;\n}",

	"UIButton":"-(UIButton *)<#name#>{\nif (!_<#name#>) {\n_<#name#> = [[UIButton alloc]init];\n[_<#name#> setTitle:@\"title\" forState:UIControlStateNormal];\n[_<#name#> setTitleColor:[UIColor darkTextColor] forState:UIControlStateNormal];\n[_<#name#> setImage:[UIImage imageNamed:@\"lalala\"] forState:UIControlStateNormal];\n_<#name#>.titleLabel.font = [UIFont systemFontOfSize:12];\n[_<#name#> addTarget:self action:@selector(MethodName) forControlEvents:UIControlEventTouchUpInside];\n}\nreturn _<#name#>;\n}",

	"UIImageView":"-(UIImageView *)<#name#>{\nif (!_<#name#>) {\n_<#name#> = [[UIImageView alloc]init];\n_<#name#>.image = [UIImage imageNamed:@\"nil\"];\n}\nreturn _<#name#>;\n}",

	"UITextField":"-(UITextField *)<#name#>{\nif (!_<#name#>) {\n_<#name#> = [[UITextField alloc]init];\n_<#name#>.placeholder = @\"placeText\";\n_<#name#>.textColor = [UIColor lightGrayColor];\n_<#name#>.font = [UIFont systemFontOfSize:14];\n_<#name#>.textAlignment = NSTextAlignmentLeft;\n_<#name#>.borderStyle = UITextBorderStyleNone;\n_<#name#>.delegate = self;\n}\nreturn _<#name#>;\n}",

	"UIScrollView":"-(UIScrollView *)<#name#>{\nif (!_<#name#>) {\n_<#name#> = [[UIScrollView alloc]init];\n_<#name#>.contentSize = CGSizeMake(100, 100);\n_<#name#>.backgroundColor = [UIColor brownColor];\n_<#name#>.delegate = self;\n}\nreturn _<#name#>;\n}",

	"NSMutableArray":"-(NSMutableArray *)<#name#>{\nif (!_<#name#>) {\n_<#name#> = [NSMutableArray array];\n}\nreturn _<#name#>;\n}",

	"NSIndexPath":"",

	"BOOL":"",
	"NSInteger":"",
	"CGFloat":"",
	
	"NSArray":"",
	"NSString":""

}






